---------------------------------
-- ADDRESS --
---------------------------------
insert into t_address (street, street_nr, zip, city) values ('Stang', '1795', 8398, 'Jeonju');
insert into t_address (street, street_nr, zip, city) values ('Granby', '38', 8762, 'Concepción de Ataco');
insert into t_address (street, street_nr, zip, city) values ('Kenwood', '79', 9078, 'Daniëlskuil');
insert into t_address (street, street_nr, zip, city) values ('Coolidge', '186', 6966, 'Guruyan');
insert into t_address (street, street_nr, zip, city) values ('Service', '105', 1480, 'Rosso');
insert into t_address (street, street_nr, zip, city) values ('Fair Oaks', '89', 8724, 'Fteliá');
insert into t_address (street, street_nr, zip, city) values ('Packers', '478', 3543, 'Lihu');
insert into t_address (street, street_nr, zip, city) values ('Emmet', '7219', 3103, 'Passa Quatro');
insert into t_address (street, street_nr, zip, city) values ('1st', '2789', 4187, 'Kwangju');
insert into t_address (street, street_nr, zip, city) values ('Clarendon', '66', 7859, 'Olonets');
insert into t_address (street, street_nr, zip, city) values ('Longview', '9515', 1023, 'Kuaro');
insert into t_address (street, street_nr, zip, city) values ('Esch', '0204', 4555, 'Tržič');
insert into t_address (street, street_nr, zip, city) values ('Mitchell', '889', 4088, 'Ouésso');
insert into t_address (street, street_nr, zip, city) values ('Fairview', '8', 8187, 'Alquerubim');
insert into t_address (street, street_nr, zip, city) values ('Eastlawn', '1', 3649, 'Neklyudovo');
insert into t_address (street, street_nr, zip, city) values ('Prentice', '86723', 4411, 'Lindong');
insert into t_address (street, street_nr, zip, city) values ('Iowa', '241', 7854, 'Bektemir');
insert into t_address (street, street_nr, zip, city) values ('High Crossing', '9728', 9212, 'Awilega');
insert into t_address (street, street_nr, zip, city) values ('Esch', '50095', 5750, 'Saint Pierre');
insert into t_address (street, street_nr, zip, city) values ('Westerfield', '206', 4336, 'Dongtou');
insert into t_address (street, street_nr, zip, city) values ('Becker', '4', 3033, 'San Isidro');
insert into t_address (street, street_nr, zip, city) values ('Jana', '1453', 4476, 'Buenos Aires');
insert into t_address (street, street_nr, zip, city) values ('Southridge', '3', 7841, 'Vychegodskiy');
insert into t_address (street, street_nr, zip, city) values ('Anhalt', '6', 5736, 'Pakenjeng');
insert into t_address (street, street_nr, zip, city) values ('Ludington', '373', 6458, 'Viamão');
insert into t_address (street, street_nr, zip, city) values ('Roxbury', '148', 1986, 'Capilla del Monte');
insert into t_address (street, street_nr, zip, city) values ('Badeau', '0', 6025, 'Ore');
insert into t_address (street, street_nr, zip, city) values ('Brickson Park', '4045', 2081, 'Useldange');
insert into t_address (street, street_nr, zip, city) values ('Spenser', '1501', 3941, 'Praia da Vitória');
insert into t_address (street, street_nr, zip, city) values ('Dorton', '68337', 3328, 'Erdu');
insert into t_address (street, street_nr, zip, city) values ('Aberg', '85806', 9534, 'Swiętajno');
insert into t_address (street, street_nr, zip, city) values ('Prairie Rose', '78', 5035, 'Shināş');
insert into t_address (street, street_nr, zip, city) values ('Monterey', '04194', 4658, 'Chão');
insert into t_address (street, street_nr, zip, city) values ('Del Sol', '7156', 4099, 'Cikai');
insert into t_address (street, street_nr, zip, city) values ('Arkansas', '613', 1899, 'Jōetsu');
insert into t_address (street, street_nr, zip, city) values ('Arapahoe', '361', 1429, 'Wuda');
insert into t_address (street, street_nr, zip, city) values ('Briar Crest', '524', 4376, 'Montongtebolak');
insert into t_address (street, street_nr, zip, city) values ('Chinook', '77', 9812, 'Yandev');
insert into t_address (street, street_nr, zip, city) values ('Delaware', '24648', 6209, 'Ubay');
insert into t_address (street, street_nr, zip, city) values ('Leroy', '3', 3312, 'Kittilä');
insert into t_address (street, street_nr, zip, city) values ('Mariners Cove', '4901', 2654, 'São Lourenço de Mamporcão');
insert into t_address (street, street_nr, zip, city) values ('Darwin', '20', 7133, 'Heshui');
insert into t_address (street, street_nr, zip, city) values ('Pierstorff', '3143', 3823, 'Adygeysk');
insert into t_address (street, street_nr, zip, city) values ('Sachs', '8', 6572, 'Pilar do Sul');
insert into t_address (street, street_nr, zip, city) values ('Shasta', '29', 3788, 'Khursā');
insert into t_address (street, street_nr, zip, city) values ('Bowman', '5561', 3359, 'Fajões');
insert into t_address (street, street_nr, zip, city) values ('Maple Wood', '35935', 3681, 'Shicha');
insert into t_address (street, street_nr, zip, city) values ('Myrtle', '0', 3301, 'Ferkessédougou');
insert into t_address (street, street_nr, zip, city) values ('Mockingbird', '13', 1815, 'Sidorejo');
insert into t_address (street, street_nr, zip, city) values ('Susan', '72', 2773, 'Maranura');
insert into t_address (street, street_nr, zip, city) values ('Grover', '55', 2309, 'Sandnes');
insert into t_address (street, street_nr, zip, city) values ('Schiller', '411', 1121, 'Concepcion');
insert into t_address (street, street_nr, zip, city) values ('Rigney', '31', 8891, 'Baoshan');
insert into t_address (street, street_nr, zip, city) values ('Nancy', '54680', 2538, 'Pamedaran');
insert into t_address (street, street_nr, zip, city) values ('Warrior', '2232', 5138, 'Rassvet');
insert into t_address (street, street_nr, zip, city) values ('Scott', '5', 4736, 'Chinchaypujio');
insert into t_address (street, street_nr, zip, city) values ('Stuart', '176', 1840, 'Demba');
insert into t_address (street, street_nr, zip, city) values ('Barby', '0798', 4657, 'Wonodadi');
insert into t_address (street, street_nr, zip, city) values ('Bultman', '36448', 8225, 'Prévost');
insert into t_address (street, street_nr, zip, city) values ('Hallows', '559', 5393, 'Paokmotong Utara');
insert into t_address (street, street_nr, zip, city) values ('Colorado', '0', 1328, 'Centenario');
insert into t_address (street, street_nr, zip, city) values ('Waywood', '1', 8205, 'Solnechnogorsk');
insert into t_address (street, street_nr, zip, city) values ('Raven', '44820', 7403, 'Tawau');
insert into t_address (street, street_nr, zip, city) values ('Cottonwood', '5', 4190, 'Sundsvall');
insert into t_address (street, street_nr, zip, city) values ('Glendale', '6445', 2101, 'Staré Křečany');
insert into t_address (street, street_nr, zip, city) values ('Mandrake', '309', 9177, 'Tuymazy');
insert into t_address (street, street_nr, zip, city) values ('Commercial', '70', 5820, 'Tobruk');
insert into t_address (street, street_nr, zip, city) values ('Dawn', '94', 6559, 'Nowosielce');
insert into t_address (street, street_nr, zip, city) values ('Manley', '2012', 9989, 'Buenos Aires');
insert into t_address (street, street_nr, zip, city) values ('Clemons', '46910', 6900, 'Semampirbarat');
insert into t_address (street, street_nr, zip, city) values ('Monterey', '97', 7044, 'Kapuan');
insert into t_address (street, street_nr, zip, city) values ('Carberry', '3', 1927, 'Huangtan');
insert into t_address (street, street_nr, zip, city) values ('Brickson Park', '603', 6684, 'Netrakona');
insert into t_address (street, street_nr, zip, city) values ('Michigan', '84524', 6012, 'Bełchatów');
insert into t_address (street, street_nr, zip, city) values ('Tennessee', '09314', 7814, 'Volodymyrets’');
insert into t_address (street, street_nr, zip, city) values ('Mandrake', '851', 1023, 'Quxi');
insert into t_address (street, street_nr, zip, city) values ('Bellgrove', '53', 6987, 'Damaying');
insert into t_address (street, street_nr, zip, city) values ('Gateway', '1759', 9004, 'Fagersta');
insert into t_address (street, street_nr, zip, city) values ('Mesta', '17418', 5717, 'Plesná');
insert into t_address (street, street_nr, zip, city) values ('Meadow Ridge', '2571', 9318, 'Winneba');
insert into t_address (street, street_nr, zip, city) values ('Judy', '9', 8257, 'Las Mercedes');
insert into t_address (street, street_nr, zip, city) values ('Armistice', '0', 2205, 'Lazaro Cardenas');
insert into t_address (street, street_nr, zip, city) values ('Merry', '44', 6415, 'Kināna');
insert into t_address (street, street_nr, zip, city) values ('Bay', '72768', 7981, 'Ningshan Chengguanzhen');
insert into t_address (street, street_nr, zip, city) values ('Havey', '72', 2260, 'Yanglong');
insert into t_address (street, street_nr, zip, city) values ('David', '2', 2748, 'Fengcheng');
insert into t_address (street, street_nr, zip, city) values ('Granby', '97', 9561, 'Yarmolyntsi');
insert into t_address (street, street_nr, zip, city) values ('Almo', '0', 9088, 'Kremenets’');
insert into t_address (street, street_nr, zip, city) values ('Granby', '12433', 3291, 'Al Qadarif');
insert into t_address (street, street_nr, zip, city) values ('Hermina', '3', 1643, 'Caibiran');
insert into t_address (street, street_nr, zip, city) values ('Hagan', '7', 3215, 'Dongshan');
insert into t_address (street, street_nr, zip, city) values ('Huxley', '1', 7178, 'Valuyki');
insert into t_address (street, street_nr, zip, city) values ('Anzinger', '8655', 3433, 'Amiens');
insert into t_address (street, street_nr, zip, city) values ('La Follette', '491', 2006, 'La Paloma');
insert into t_address (street, street_nr, zip, city) values ('Golf View', '50343', 9647, 'Łukowa');
insert into t_address (street, street_nr, zip, city) values ('Loomis', '04326', 4298, 'Síkinos');
insert into t_address (street, street_nr, zip, city) values ('North', '80703', 3618, 'Skaramangás');
insert into t_address (street, street_nr, zip, city) values ('Gina', '46', 3414, 'Gemuruh');
insert into t_address (street, street_nr, zip, city) values ('Magdeline', '61', 3327, 'Bansko');
insert into t_address (street, street_nr, zip, city) values ('Homewood', '326', 3787, 'Comalapa');

---------------------------------
-- USER --
---------------------------------
insert into t_user (id, first_name, last_name, email, password, address_id, is_active, create_date, user_role) values (1, 'Pinchas', 'Timmes', 'ptimmes0@bluehost.com', '6080d4ea-66c7-4541-ab89-9b294eef12a9', 1, true, '2023-12-31', 'CUSTOMER');
insert into t_user (id, first_name, last_name, email, password, address_id, is_active, create_date, user_role) values (2, 'Garrott', 'Steanson', 'gsteanson1@xing.com', '6080d4ea-66c7-4541-ab89-9b294eef12a9', 2, false, '2023-07-20', 'CUSTOMER');
insert into t_user (id, first_name, last_name, email, password, address_id, is_active, create_date, user_role) values (3, 'Hubey', 'Meikle', 'hmeikle2@tripadvisor.com', '6080d4ea-66c7-4541-ab89-9b294eef12a9', 3, false, '2023-07-14', 'ADMIN');
insert into t_user (id, first_name, last_name, email, password, address_id, is_active, create_date, user_role) values (4, 'Englebert', 'Ringsell', 'eringsell3@barnesandnoble.com', '6080d4ea-66c7-4541-ab89-9b294eef12a9', 4, false, '2023-06-12', 'SUPERUSER');
insert into t_user (id, first_name, last_name, email, password, address_id, is_active, create_date, user_role) values (5, 'Brady', 'Harsnipe', 'bharsnipe4@newsvine.com', '6080d4ea-66c7-4541-ab89-9b294eef12a9', 5, true, '2023-05-22', 'ADMIN');
insert into t_user (id, first_name, last_name, email, password, address_id, is_active, create_date, user_role) values (6, 'Cathleen', 'Swindles', 'cswindles5@fotki.com', '6080d4ea-66c7-4541-ab89-9b294eef12a9', 6, false, '2023-11-13', 'CUSTOMER');
insert into t_user (id, first_name, last_name, email, password, address_id, is_active, create_date, user_role) values (7, 'Nap', 'Matusovsky', 'nmatusovsky6@comcast.net', '6080d4ea-66c7-4541-ab89-9b294eef12a9', 7, true, '2024-01-02', 'ADMIN');
insert into t_user (id, first_name, last_name, email, password, address_id, is_active, create_date, user_role) values (8, 'Arturo', 'Purton', 'apurton7@europa.eu', '6080d4ea-66c7-4541-ab89-9b294eef12a9', 8, false, '2024-02-26', 'TRUSTED');
insert into t_user (id, first_name, last_name, email, password, address_id, is_active, create_date, user_role) values (9, 'Cheslie', 'Ovell', 'covell8@wordpress.org', '6080d4ea-66c7-4541-ab89-9b294eef12a9', 9, true, '2023-10-23', 'CUSTOMER');
insert into t_user (id, first_name, last_name, email, password, address_id, is_active, create_date, user_role) values (10, 'Bruce', 'Riglesford', 'briglesford9@wiley.com', '6080d4ea-66c7-4541-ab89-9b294eef12a9', 10, false, '2023-10-11', 'CUSTOMER');
insert into t_user (id, first_name, last_name, email, password, address_id, is_active, create_date, user_role) values (11, 'Claudianus', 'Wapol', 'cwapola@auda.org.au', '6080d4ea-66c7-4541-ab89-9b294eef12a9', 11, false, '2023-12-02', 'SUPERUSER');
insert into t_user (id, first_name, last_name, email, password, address_id, is_active, create_date, user_role) values (12, 'Melantha', 'Nestoruk', 'mnestorukb@nps.gov', '6080d4ea-66c7-4541-ab89-9b294eef12a9', 12, true, '2024-03-30', 'SUPERUSER');
insert into t_user (id, first_name, last_name, email, password, address_id, is_active, create_date, user_role) values (13, 'Caesar', 'Whitham', 'cwhithamc@shop-pro.jp', '6080d4ea-66c7-4541-ab89-9b294eef12a9', 13, true, '2024-01-31', 'CUSTOMER');
insert into t_user (id, first_name, last_name, email, password, address_id, is_active, create_date, user_role) values (14, 'Tonie', 'Togwell', 'ttogwelld@google.de', '6080d4ea-66c7-4541-ab89-9b294eef12a9', 14, false, '2024-03-20', 'ADMIN');
insert into t_user (id, first_name, last_name, email, password, address_id, is_active, create_date, user_role) values (15, 'Kyrstin', 'Nutty', 'knuttye@wordpress.com', '6080d4ea-66c7-4541-ab89-9b294eef12a9', 15, false, '2024-04-29', 'TRUSTED');
insert into t_user (id, first_name, last_name, email, password, address_id, is_active, create_date, user_role) values (16, 'Leroy', 'Sleford', 'lslefordf@cmu.edu', '6080d4ea-66c7-4541-ab89-9b294eef12a9', 16, true, '2024-04-13', 'CUSTOMER');
insert into t_user (id, first_name, last_name, email, password, address_id, is_active, create_date, user_role) values (17, 'Ericka', 'Dornin', 'edorning@tinypic.com', '6080d4ea-66c7-4541-ab89-9b294eef12a9', 17, false, '2023-10-24', 'ADMIN');
insert into t_user (id, first_name, last_name, email, password, address_id, is_active, create_date, user_role) values (18, 'Raye', 'Pattie', 'rpattieh@opera.com', '6080d4ea-66c7-4541-ab89-9b294eef12a9', 18, true, '2023-10-23', 'TRUSTED');
insert into t_user (id, first_name, last_name, email, password, address_id, is_active, create_date, user_role) values (19, 'Lucine', 'Panchin', 'lpanchini@disqus.com', '6080d4ea-66c7-4541-ab89-9b294eef12a9', 19, true, '2023-07-02', 'SUPERUSER');
insert into t_user (id, first_name, last_name, email, password, address_id, is_active, create_date, user_role) values (20, 'Wilmar', 'Spicer', 'wspicerj@scientificamerican.com', '6080d4ea-66c7-4541-ab89-9b294eef12a9', 20, false, '2023-12-15', 'ADMIN');
insert into t_user (id, first_name, last_name, email, password, address_id, is_active, create_date, user_role) values (21, 'Adair', 'Fearnill', 'afearnillk@so-net.ne.jp', '6080d4ea-66c7-4541-ab89-9b294eef12a9', 21, true, '2023-07-23', 'SUPERUSER');
insert into t_user (id, first_name, last_name, email, password, address_id, is_active, create_date, user_role) values (22, 'Ritchie', 'Sherr', 'rsherrl@chicagotribune.com', '6080d4ea-66c7-4541-ab89-9b294eef12a9', 22, false, '2023-09-20', 'SUPERUSER');
insert into t_user (id, first_name, last_name, email, password, address_id, is_active, create_date, user_role) values (23, 'Burlie', 'Pearsall', 'bpearsallm@google.nl', '6080d4ea-66c7-4541-ab89-9b294eef12a9', 23, false, '2023-05-13', 'SUPERUSER');
insert into t_user (id, first_name, last_name, email, password, address_id, is_active, create_date, user_role) values (24, 'Desdemona', 'Lardner', 'dlardnern@loc.gov', '6080d4ea-66c7-4541-ab89-9b294eef12a9', 24, true, '2024-03-24', 'TRUSTED');
insert into t_user (id, first_name, last_name, email, password, address_id, is_active, create_date, user_role) values (25, 'Sunny', 'Manus', 'smanuso@elegantthemes.com', '6080d4ea-66c7-4541-ab89-9b294eef12a9', 25, false, '2023-10-24', 'CUSTOMER');
insert into t_user (id, first_name, last_name, email, password, address_id, is_active, create_date, user_role) values (26, 'Anastasia', 'Karim', 'akarimp@uiuc.edu', '6080d4ea-66c7-4541-ab89-9b294eef12a9', 26, false, '2023-07-17', 'ADMIN');
insert into t_user (id, first_name, last_name, email, password, address_id, is_active, create_date, user_role) values (27, 'Henrik', 'Doldon', 'hdoldonq@bbb.org', '6080d4ea-66c7-4541-ab89-9b294eef12a9', 27, false, '2023-05-23', 'TRUSTED');
insert into t_user (id, first_name, last_name, email, password, address_id, is_active, create_date, user_role) values (28, 'Rowney', 'Banasik', 'rbanasikr@smugmug.com', '6080d4ea-66c7-4541-ab89-9b294eef12a9', 28, true, '2024-01-04', 'TRUSTED');
insert into t_user (id, first_name, last_name, email, password, address_id, is_active, create_date, user_role) values (29, 'Kincaid', 'Ruzek', 'kruzeks@miitbeian.gov.cn', '6080d4ea-66c7-4541-ab89-9b294eef12a9', 29, false, '2024-04-13', 'SUPERUSER');
insert into t_user (id, first_name, last_name, email, password, address_id, is_active, create_date, user_role) values (30, 'Sylvester', 'Bagnold', 'sbagnoldt@amazon.co.jp', '6080d4ea-66c7-4541-ab89-9b294eef12a9', 30, true, '2023-06-23', 'CUSTOMER');
insert into t_user (id, first_name, last_name, email, password, address_id, is_active, create_date, user_role) values (31, 'Horacio', 'Corness', 'hcornessu@cdbaby.com', '6080d4ea-66c7-4541-ab89-9b294eef12a9', 31, false, '2023-10-21', 'SUPERUSER');
insert into t_user (id, first_name, last_name, email, password, address_id, is_active, create_date, user_role) values (32, 'Feodora', 'Appleton', 'fappletonv@foxnews.com', '6080d4ea-66c7-4541-ab89-9b294eef12a9', 32, true, '2024-04-25', 'CUSTOMER');
insert into t_user (id, first_name, last_name, email, password, address_id, is_active, create_date, user_role) values (33, 'Julietta', 'Barkhouse', 'jbarkhousew@census.gov', '6080d4ea-66c7-4541-ab89-9b294eef12a9', 33, true, '2023-08-02', 'ADMIN');
insert into t_user (id, first_name, last_name, email, password, address_id, is_active, create_date, user_role) values (34, 'Gwenni', 'Ivel', 'givelx@artisteer.com', '6080d4ea-66c7-4541-ab89-9b294eef12a9', 34, false, '2024-01-13', 'TRUSTED');
insert into t_user (id, first_name, last_name, email, password, address_id, is_active, create_date, user_role) values (35, 'Dunstan', 'Perchard', 'dperchardy@guardian.co.uk', '6080d4ea-66c7-4541-ab89-9b294eef12a9', 35, false, '2023-11-03', 'TRUSTED');
insert into t_user (id, first_name, last_name, email, password, address_id, is_active, create_date, user_role) values (36, 'Ronda', 'Bason', 'rbasonz@smh.com.au', '6080d4ea-66c7-4541-ab89-9b294eef12a9', 36, false, '2023-08-22', 'ADMIN');
insert into t_user (id, first_name, last_name, email, password, address_id, is_active, create_date, user_role) values (37, 'Carr', 'Menhenitt', 'cmenhenitt10@tinyurl.com', '6080d4ea-66c7-4541-ab89-9b294eef12a9', 37, true, '2023-12-29', 'SUPERUSER');
insert into t_user (id, first_name, last_name, email, password, address_id, is_active, create_date, user_role) values (38, 'Jorie', 'Beernt', 'jbeernt11@yandex.ru', '6080d4ea-66c7-4541-ab89-9b294eef12a9', 38, false, '2023-05-19', 'SUPERUSER');
insert into t_user (id, first_name, last_name, email, password, address_id, is_active, create_date, user_role) values (39, 'Devan', 'Meindl', 'dmeindl12@goodreads.com', '6080d4ea-66c7-4541-ab89-9b294eef12a9', 39, false, '2024-01-30', 'CUSTOMER');
insert into t_user (id, first_name, last_name, email, password, address_id, is_active, create_date, user_role) values (40, 'Rosana', 'Blaisdale', 'rblaisdale13@drupal.org', '6080d4ea-66c7-4541-ab89-9b294eef12a9', 40, false, '2023-12-31', 'TRUSTED');
insert into t_user (id, first_name, last_name, email, password, address_id, is_active, create_date, user_role) values (41, 'Hillard', 'Dunniom', 'hdunniom14@issuu.com', '6080d4ea-66c7-4541-ab89-9b294eef12a9', 41, true, '2024-04-10', 'SUPERUSER');
insert into t_user (id, first_name, last_name, email, password, address_id, is_active, create_date, user_role) values (42, 'Terrell', 'Macellar', 'tmacellar15@odnoklassniki.ru', '6080d4ea-66c7-4541-ab89-9b294eef12a9', 42, true, '2023-07-28', 'ADMIN');
insert into t_user (id, first_name, last_name, email, password, address_id, is_active, create_date, user_role) values (43, 'Archaimbaud', 'Hussey', 'ahussey16@businessinsider.com', '6080d4ea-66c7-4541-ab89-9b294eef12a9', 43, true, '2024-01-27', 'ADMIN');
insert into t_user (id, first_name, last_name, email, password, address_id, is_active, create_date, user_role) values (44, 'Mehetabel', 'Balnaves', 'mbalnaves17@phoca.cz', '6080d4ea-66c7-4541-ab89-9b294eef12a9', 44, true, '2024-02-24', 'TRUSTED');
insert into t_user (id, first_name, last_name, email, password, address_id, is_active, create_date, user_role) values (45, 'Krissy', 'Jizhaki', 'kjizhaki18@gravatar.com', '6080d4ea-66c7-4541-ab89-9b294eef12a9', 45, true, '2023-08-13', 'ADMIN');
insert into t_user (id, first_name, last_name, email, password, address_id, is_active, create_date, user_role) values (46, 'Pate', 'Youngman', 'pyoungman19@patch.com', '6080d4ea-66c7-4541-ab89-9b294eef12a9', 46, false, '2023-07-08', 'SUPERUSER');
insert into t_user (id, first_name, last_name, email, password, address_id, is_active, create_date, user_role) values (47, 'Fedora', 'Cordoba', 'fcordoba1a@mozilla.org', '6080d4ea-66c7-4541-ab89-9b294eef12a9', 47, false, '2023-06-01', 'ADMIN');
insert into t_user (id, first_name, last_name, email, password, address_id, is_active, create_date, user_role) values (48, 'Kacie', 'Colvine', 'kcolvine1b@tripadvisor.com', '6080d4ea-66c7-4541-ab89-9b294eef12a9', 48, false, '2023-07-20', 'CUSTOMER');
insert into t_user (id, first_name, last_name, email, password, address_id, is_active, create_date, user_role) values (49, 'Lizette', 'Benoy', 'lbenoy1c@amazonaws.com', '6080d4ea-66c7-4541-ab89-9b294eef12a9', 49, true, '2023-08-22', 'TRUSTED');
insert into t_user (id, first_name, last_name, email, password, address_id, is_active, create_date, user_role) values (50, 'Dallis', 'Le Fevre', 'dlefevre1d@skype.com', '6080d4ea-66c7-4541-ab89-9b294eef12a9', 50, false, '2023-05-10', 'ADMIN');
insert into t_user (id, first_name, last_name, email, password, address_id, is_active, create_date, user_role) values (51, 'Calli', 'MacGillespie', 'cmacgillespie1e@php.net', '6080d4ea-66c7-4541-ab89-9b294eef12a9', 51, true, '2024-02-15', 'CUSTOMER');
insert into t_user (id, first_name, last_name, email, password, address_id, is_active, create_date, user_role) values (52, 'Aurea', 'Geibel', 'ageibel1f@blinklist.com', '6080d4ea-66c7-4541-ab89-9b294eef12a9', 52, false, '2023-12-13', 'ADMIN');
insert into t_user (id, first_name, last_name, email, password, address_id, is_active, create_date, user_role) values (53, 'Corrianne', 'O''Hengerty', 'cohengerty1g@google.com.au', '6080d4ea-66c7-4541-ab89-9b294eef12a9', 53, true, '2024-01-25', 'CUSTOMER');
insert into t_user (id, first_name, last_name, email, password, address_id, is_active, create_date, user_role) values (54, 'Everard', 'Niccolls', 'eniccolls1h@posterous.com', '6080d4ea-66c7-4541-ab89-9b294eef12a9', 54, true, '2023-06-02', 'CUSTOMER');
insert into t_user (id, first_name, last_name, email, password, address_id, is_active, create_date, user_role) values (55, 'Michael', 'Cartlidge', 'mcartlidge1i@jimdo.com', '6080d4ea-66c7-4541-ab89-9b294eef12a9', 55, true, '2023-07-16', 'ADMIN');
insert into t_user (id, first_name, last_name, email, password, address_id, is_active, create_date, user_role) values (56, 'Sari', 'Billyeald', 'sbillyeald1j@privacy.gov.au', '6080d4ea-66c7-4541-ab89-9b294eef12a9', 56, false, '2023-05-18', 'ADMIN');
insert into t_user (id, first_name, last_name, email, password, address_id, is_active, create_date, user_role) values (57, 'Juline', 'Farnin', 'jfarnin1k@wix.com', '6080d4ea-66c7-4541-ab89-9b294eef12a9', 57, true, '2024-01-02', 'ADMIN');
insert into t_user (id, first_name, last_name, email, password, address_id, is_active, create_date, user_role) values (58, 'Alidia', 'MacCauley', 'amaccauley1l@list-manage.com', '6080d4ea-66c7-4541-ab89-9b294eef12a9', 58, false, '2023-05-23', 'CUSTOMER');
insert into t_user (id, first_name, last_name, email, password, address_id, is_active, create_date, user_role) values (59, 'Mart', 'Lieber', 'mlieber1m@ox.ac.uk', '6080d4ea-66c7-4541-ab89-9b294eef12a9', 59, false, '2024-03-13', 'TRUSTED');
insert into t_user (id, first_name, last_name, email, password, address_id, is_active, create_date, user_role) values (60, 'Loraine', 'Bernardt', 'lbernardt1n@hhs.gov', '6080d4ea-66c7-4541-ab89-9b294eef12a9', 60, true, '2023-05-22', 'ADMIN');
insert into t_user (id, first_name, last_name, email, password, address_id, is_active, create_date, user_role) values (61, 'Johann', 'McKeggie', 'jmckeggie1o@angelfire.com', '6080d4ea-66c7-4541-ab89-9b294eef12a9', 61, false, '2024-02-03', 'SUPERUSER');
insert into t_user (id, first_name, last_name, email, password, address_id, is_active, create_date, user_role) values (62, 'Arlene', 'Ciccarello', 'aciccarello1p@skype.com', '6080d4ea-66c7-4541-ab89-9b294eef12a9', 62, false, '2023-07-17', 'SUPERUSER');
insert into t_user (id, first_name, last_name, email, password, address_id, is_active, create_date, user_role) values (63, 'Ermin', 'Bille', 'ebille1q@exblog.jp', '6080d4ea-66c7-4541-ab89-9b294eef12a9', 63, false, '2024-02-27', 'TRUSTED');
insert into t_user (id, first_name, last_name, email, password, address_id, is_active, create_date, user_role) values (64, 'Reggi', 'Inglish', 'ringlish1r@kickstarter.com', '6080d4ea-66c7-4541-ab89-9b294eef12a9', 64, true, '2023-06-13', 'TRUSTED');
insert into t_user (id, first_name, last_name, email, password, address_id, is_active, create_date, user_role) values (65, 'Jessalyn', 'Pourveer', 'jpourveer1s@sitemeter.com', '6080d4ea-66c7-4541-ab89-9b294eef12a9', 65, false, '2023-05-25', 'CUSTOMER');
insert into t_user (id, first_name, last_name, email, password, address_id, is_active, create_date, user_role) values (66, 'Nicolina', 'Danbye', 'ndanbye1t@addthis.com', '6080d4ea-66c7-4541-ab89-9b294eef12a9', 66, false, '2024-04-25', 'TRUSTED');
insert into t_user (id, first_name, last_name, email, password, address_id, is_active, create_date, user_role) values (67, 'Rica', 'Brosio', 'rbrosio1u@mac.com', '6080d4ea-66c7-4541-ab89-9b294eef12a9', 67, false, '2024-02-03', 'TRUSTED');
insert into t_user (id, first_name, last_name, email, password, address_id, is_active, create_date, user_role) values (68, 'Aurelie', 'Dearan', 'adearan1v@webmd.com', '6080d4ea-66c7-4541-ab89-9b294eef12a9', 68, true, '2023-11-15', 'ADMIN');
insert into t_user (id, first_name, last_name, email, password, address_id, is_active, create_date, user_role) values (69, 'Luce', 'Pallas', 'lpallas1w@scientificamerican.com', '6080d4ea-66c7-4541-ab89-9b294eef12a9', 69, true, '2023-12-15', 'CUSTOMER');
insert into t_user (id, first_name, last_name, email, password, address_id, is_active, create_date, user_role) values (70, 'Steward', 'Duly', 'sduly1x@toplist.cz', '6080d4ea-66c7-4541-ab89-9b294eef12a9', 70, true, '2023-10-05', 'TRUSTED');
insert into t_user (id, first_name, last_name, email, password, address_id, is_active, create_date, user_role) values (71, 'Chen', 'Fritschmann', 'cfritschmann1y@google.com.br', '6080d4ea-66c7-4541-ab89-9b294eef12a9', 71, true, '2024-03-25', 'SUPERUSER');
insert into t_user (id, first_name, last_name, email, password, address_id, is_active, create_date, user_role) values (72, 'Daveen', 'Lempenny', 'dlempenny1z@ftc.gov', '6080d4ea-66c7-4541-ab89-9b294eef12a9', 72, false, '2023-10-20', 'TRUSTED');
insert into t_user (id, first_name, last_name, email, password, address_id, is_active, create_date, user_role) values (73, 'Skip', 'Lindeman', 'slindeman20@php.net', '6080d4ea-66c7-4541-ab89-9b294eef12a9', 73, true, '2023-05-24', 'TRUSTED');
insert into t_user (id, first_name, last_name, email, password, address_id, is_active, create_date, user_role) values (74, 'Alberta', 'Agirre', 'aagirre21@nih.gov', '6080d4ea-66c7-4541-ab89-9b294eef12a9', 74, true, '2024-01-30', 'CUSTOMER');
insert into t_user (id, first_name, last_name, email, password, address_id, is_active, create_date, user_role) values (75, 'Shel', 'Kelby', 'skelby22@thetimes.co.uk', '6080d4ea-66c7-4541-ab89-9b294eef12a9', 75, true, '2023-12-25', 'SUPERUSER');
insert into t_user (id, first_name, last_name, email, password, address_id, is_active, create_date, user_role) values (76, 'Archer', 'Barniss', 'abarniss23@sourceforge.net', '6080d4ea-66c7-4541-ab89-9b294eef12a9', 76, false, '2023-08-18', 'TRUSTED');
insert into t_user (id, first_name, last_name, email, password, address_id, is_active, create_date, user_role) values (77, 'Winna', 'Chadwen', 'wchadwen24@blogs.com', '6080d4ea-66c7-4541-ab89-9b294eef12a9', 77, true, '2023-05-04', 'ADMIN');
insert into t_user (id, first_name, last_name, email, password, address_id, is_active, create_date, user_role) values (78, 'Billy', 'Durie', 'bdurie25@google.ru', '6080d4ea-66c7-4541-ab89-9b294eef12a9', 78, false, '2023-10-15', 'SUPERUSER');
insert into t_user (id, first_name, last_name, email, password, address_id, is_active, create_date, user_role) values (79, 'Percival', 'Fryd', 'pfryd26@bbb.org', '6080d4ea-66c7-4541-ab89-9b294eef12a9', 79, false, '2023-07-17', 'ADMIN');
insert into t_user (id, first_name, last_name, email, password, address_id, is_active, create_date, user_role) values (80, 'Mortimer', 'Shovlin', 'mshovlin27@harvard.edu', '6080d4ea-66c7-4541-ab89-9b294eef12a9', 80, true, '2023-09-04', 'CUSTOMER');
insert into t_user (id, first_name, last_name, email, password, address_id, is_active, create_date, user_role) values (81, 'Mano', 'Ghidetti', 'mghidetti28@squarespace.com', '6080d4ea-66c7-4541-ab89-9b294eef12a9', 81, false, '2023-06-29', 'CUSTOMER');
insert into t_user (id, first_name, last_name, email, password, address_id, is_active, create_date, user_role) values (82, 'Gunner', 'Sidery', 'gsidery29@gravatar.com', '6080d4ea-66c7-4541-ab89-9b294eef12a9', 82, false, '2023-05-04', 'SUPERUSER');
insert into t_user (id, first_name, last_name, email, password, address_id, is_active, create_date, user_role) values (83, 'Jyoti', 'Allott', 'jallott2a@blog.com', '6080d4ea-66c7-4541-ab89-9b294eef12a9', 83, true, '2023-10-13', 'SUPERUSER');
insert into t_user (id, first_name, last_name, email, password, address_id, is_active, create_date, user_role) values (84, 'Emeline', 'Chasemore', 'echasemore2b@pcworld.com', '6080d4ea-66c7-4541-ab89-9b294eef12a9', 84, false, '2023-11-10', 'CUSTOMER');
insert into t_user (id, first_name, last_name, email, password, address_id, is_active, create_date, user_role) values (85, 'Cecile', 'Ozelton', 'cozelton2c@dyndns.org', '6080d4ea-66c7-4541-ab89-9b294eef12a9', 85, false, '2023-09-19', 'SUPERUSER');
insert into t_user (id, first_name, last_name, email, password, address_id, is_active, create_date, user_role) values (86, 'Frasier', 'Duding', 'fduding2d@miitbeian.gov.cn', '6080d4ea-66c7-4541-ab89-9b294eef12a9', 86, true, '2023-12-31', 'ADMIN');
insert into t_user (id, first_name, last_name, email, password, address_id, is_active, create_date, user_role) values (87, 'Adrian', 'Antowski', 'aantowski2e@yahoo.com', '6080d4ea-66c7-4541-ab89-9b294eef12a9', 87, false, '2023-10-20', 'TRUSTED');
insert into t_user (id, first_name, last_name, email, password, address_id, is_active, create_date, user_role) values (88, 'Edlin', 'Landal', 'elandal2f@cbslocal.com', '6080d4ea-66c7-4541-ab89-9b294eef12a9', 88, false, '2024-01-10', 'CUSTOMER');
insert into t_user (id, first_name, last_name, email, password, address_id, is_active, create_date, user_role) values (89, 'Valene', 'Glavis', 'vglavis2g@va.gov', '6080d4ea-66c7-4541-ab89-9b294eef12a9', 89, false, '2023-09-11', 'ADMIN');
insert into t_user (id, first_name, last_name, email, password, address_id, is_active, create_date, user_role) values (90, 'Desmond', 'Puddifer', 'dpuddifer2h@odnoklassniki.ru', '6080d4ea-66c7-4541-ab89-9b294eef12a9', 90, false, '2023-08-17', 'SUPERUSER');
insert into t_user (id, first_name, last_name, email, password, address_id, is_active, create_date, user_role) values (91, 'Jasen', 'Fradgley', 'jfradgley2i@ibm.com', '6080d4ea-66c7-4541-ab89-9b294eef12a9', 91, false, '2023-09-09', 'TRUSTED');
insert into t_user (id, first_name, last_name, email, password, address_id, is_active, create_date, user_role) values (92, 'b', 'b', 'b@b.com', '$2a$10$ATC15vERlw2rRay.eUiT6eL8nNbAc0PYHoaUTMFWWNmfK.3hIr5Eq', 92, true, '2023-10-24', 'ADMIN');
insert into t_user (id, first_name, last_name, email, password, address_id, is_active, create_date, user_role) values (93, 'Ossie', 'Kubis', 'okubis2k@nih.gov', '6080d4ea-66c7-4541-ab89-9b294eef12a9', 93, false, '2023-09-25', 'SUPERUSER');
insert into t_user (id, first_name, last_name, email, password, address_id, is_active, create_date, user_role) values (94, 'Bennie', 'Cosbee', 'bcosbee2l@blinklist.com', '6080d4ea-66c7-4541-ab89-9b294eef12a9', 94, false, '2023-08-23', 'CUSTOMER');
insert into t_user (id, first_name, last_name, email, password, address_id, is_active, create_date, user_role) values (95, 'Isadora', 'Janowicz', 'ijanowicz2m@ovh.net', '6080d4ea-66c7-4541-ab89-9b294eef12a9', 95, true, '2023-07-31', 'SUPERUSER');
insert into t_user (id, first_name, last_name, email, password, address_id, is_active, create_date, user_role) values (96, 'Alejandrina', 'Grenfell', 'agrenfell2n@theglobeandmail.com', '6080d4ea-66c7-4541-ab89-9b294eef12a9', 96, false, '2023-12-14', 'TRUSTED');
insert into t_user (id, first_name, last_name, email, password, address_id, is_active, create_date, user_role) values (97, 'Gabbie', 'Slingsby', 'gslingsby2o@e-recht24.de', '6080d4ea-66c7-4541-ab89-9b294eef12a9', 97, false, '2023-08-11', 'CUSTOMER');
insert into t_user (id, first_name, last_name, email, password, address_id, is_active, create_date, user_role) values (98, 'Thorstein', 'O''Flaherty', 'toflaherty2p@naver.com', '6080d4ea-66c7-4541-ab89-9b294eef12a9', 98, true, '2024-04-21', 'TRUSTED');
insert into t_user (id, first_name, last_name, email, password, address_id, is_active, create_date, user_role) values (99, 'Annabal', 'Fairrie', 'afairrie2q@ftc.gov', '6080d4ea-66c7-4541-ab89-9b294eef12a9', 99, false, '2023-12-18', 'TRUSTED');
insert into t_user (id, first_name, last_name, email, password, address_id, is_active, create_date, user_role) values (100, 'a', 'a', 'a@a.com', '$2a$10$ATC15vERlw2rRay.eUiT6eL8nNbAc0PYHoaUTMFWWNmfK.3hIr5Eq', 100, false, '2023-06-13', 'CUSTOMER');
-- todo: use bcrypted password instead of some seed

---------------------------------
-- BUS --
---------------------------------
insert into t_bus (id, license_plate, make, model, built_year, purchase_year, capacity, last_service_date, amount_km_when_bought) values (1, 'Hoebart', 'Mercury', 'Cougar', 1993, 2027, 4, '2024-02-15', 94719.8);
insert into t_bus (id, license_plate, make, model, built_year, purchase_year, capacity, last_service_date, amount_km_when_bought) values (2, 'Boothe', 'Audi', 'A6', 2012, 2026, 6, '2022-11-07', 74413.28);
insert into t_bus (id, license_plate, make, model, built_year, purchase_year, capacity, last_service_date, amount_km_when_bought) values (3, 'Alejandro', 'Ford', 'Focus ST', 2013, 2025, 7, '2020-10-26', 142446.95);
insert into t_bus (id, license_plate, make, model, built_year, purchase_year, capacity, last_service_date, amount_km_when_bought) values (4, 'Clint', 'Ford', 'Fusion', 2010, 2028, 7, '2023-01-30', 98285.55);
insert into t_bus (id, license_plate, make, model, built_year, purchase_year, capacity, last_service_date, amount_km_when_bought) values (5, 'Fred', 'Ford', 'E-Series', 2010, 2023, 4, '2024-03-09', 131003.03);
insert into t_bus (id, license_plate, make, model, built_year, purchase_year, capacity, last_service_date, amount_km_when_bought) values (6, 'Oran', 'GMC', 'Yukon XL 1500', 2003, 2022, 3, '2021-11-10', 136909.76);
insert into t_bus (id, license_plate, make, model, built_year, purchase_year, capacity, last_service_date, amount_km_when_bought) values (7, 'Byrann', 'Mercury', 'Cougar', 1986, 2024, 7, '2022-10-18', 110113.08);
insert into t_bus (id, license_plate, make, model, built_year, purchase_year, capacity, last_service_date, amount_km_when_bought) values (8, 'Rickard', 'Toyota', 'Tundra', 2010, 2029, 8, '2022-09-10', 104575.64);
insert into t_bus (id, license_plate, make, model, built_year, purchase_year, capacity, last_service_date, amount_km_when_bought) values (9, 'Obediah', 'Ford', 'Escort', 1998, 2029, 8, '2020-10-15', 130247.14);
insert into t_bus (id, license_plate, make, model, built_year, purchase_year, capacity, last_service_date, amount_km_when_bought) values (10, 'Franklin', 'Ford', 'Escort', 1990, 2025, 7, '2021-06-19', 109393.72);

---------------------------------
-- PICTURE --
---------------------------------
-- NOT IMPLEMENTED

---------------------------------
-- LEND --
---------------------------------
insert into t_lend (id, start_date_time, end_date_time, price, lend_status) values (1, PARSEDATETIME(DATEADD('DAY', 1, CURRENT_DATE()) || ' 08:00', 'yyyy-MM-dd HH:mm'), PARSEDATETIME(DATEADD('DAY', 1, CURRENT_DATE()) || ' 17:00', 'yyyy-MM-dd HH:mm'), 67.34, 'COMPLETED');
insert into t_lend (id, start_date_time, end_date_time, price, lend_status) values (2, PARSEDATETIME(DATEADD('DAY', 2, CURRENT_DATE()) || ' 08:00', 'yyyy-MM-dd HH:mm'), PARSEDATETIME(DATEADD('DAY', 2, CURRENT_DATE()) || ' 17:00', 'yyyy-MM-dd HH:mm'), 112.11, 'CANCELED');
insert into t_lend (id, start_date_time, end_date_time, price, lend_status) values (3, PARSEDATETIME(DATEADD('DAY', 3, CURRENT_DATE()) || ' 08:00', 'yyyy-MM-dd HH:mm'), PARSEDATETIME(DATEADD('DAY', 3, CURRENT_DATE()) || ' 17:00', 'yyyy-MM-dd HH:mm'), 137.21, 'CANCELED');
insert into t_lend (id, start_date_time, end_date_time, price, lend_status) values (4, PARSEDATETIME(DATEADD('DAY', 4, CURRENT_DATE()) || ' 08:00', 'yyyy-MM-dd HH:mm'), PARSEDATETIME(DATEADD('DAY', 4, CURRENT_DATE()) || ' 17:00', 'yyyy-MM-dd HH:mm'), 136.39, 'ENDED');
insert into t_lend (id, start_date_time, end_date_time, price, lend_status) values (5, PARSEDATETIME(DATEADD('DAY', 5, CURRENT_DATE()) || ' 08:00', 'yyyy-MM-dd HH:mm'), PARSEDATETIME(DATEADD('DAY', 5, CURRENT_DATE()) || ' 17:00', 'yyyy-MM-dd HH:mm'), 123.45, 'REQUESTED');
insert into t_lend (id, start_date_time, end_date_time, price, lend_status) values (6, PARSEDATETIME(DATEADD('DAY', 6, CURRENT_DATE()) || ' 08:00', 'yyyy-MM-dd HH:mm'), PARSEDATETIME(DATEADD('DAY', 6, CURRENT_DATE()) || ' 17:00', 'yyyy-MM-dd HH:mm'), 134.38, 'COMPLETED');
insert into t_lend (id, start_date_time, end_date_time, price, lend_status) values (7, PARSEDATETIME(DATEADD('DAY', 7, CURRENT_DATE()) || ' 08:00', 'yyyy-MM-dd HH:mm'), PARSEDATETIME(DATEADD('DAY', 7, CURRENT_DATE()) || ' 17:00', 'yyyy-MM-dd HH:mm'), 93.91, 'CONFIRMED');
insert into t_lend (id, start_date_time, end_date_time, price, lend_status) values (8, PARSEDATETIME(DATEADD('DAY', 8, CURRENT_DATE()) || ' 08:00', 'yyyy-MM-dd HH:mm'), PARSEDATETIME(DATEADD('DAY', 8, CURRENT_DATE()) || ' 17:00', 'yyyy-MM-dd HH:mm'), 134.13, 'ENDED');
insert into t_lend (id, start_date_time, end_date_time, price, lend_status) values (9, PARSEDATETIME(DATEADD('DAY', 9, CURRENT_DATE()) || ' 08:00', 'yyyy-MM-dd HH:mm'), PARSEDATETIME(DATEADD('DAY', 9, CURRENT_DATE()) || ' 17:00', 'yyyy-MM-dd HH:mm'), 86.2, 'CANCELED');
insert into t_lend (id, start_date_time, end_date_time, price, lend_status) values (10, PARSEDATETIME(DATEADD('DAY', 10, CURRENT_DATE()) || ' 08:00', 'yyyy-MM-dd HH:mm'), PARSEDATETIME(DATEADD('DAY', 10, CURRENT_DATE()) || ' 17:00', 'yyyy-MM-dd HH:mm'), 80.56, 'CONFIRMED');
insert into t_lend (id, start_date_time, end_date_time, price, lend_status) values (11, PARSEDATETIME(DATEADD('DAY', 11, CURRENT_DATE()) || ' 08:00', 'yyyy-MM-dd HH:mm'), PARSEDATETIME(DATEADD('DAY', 11, CURRENT_DATE()) || ' 17:00', 'yyyy-MM-dd HH:mm'), 112.47, 'REQUESTED');
insert into t_lend (id, start_date_time, end_date_time, price, lend_status) values (12, PARSEDATETIME(DATEADD('DAY', 12, CURRENT_DATE()) || ' 08:00', 'yyyy-MM-dd HH:mm'), PARSEDATETIME(DATEADD('DAY', 12, CURRENT_DATE()) || ' 17:00', 'yyyy-MM-dd HH:mm'), 147.34, 'ENDED');
insert into t_lend (id, start_date_time, end_date_time, price, lend_status) values (13, PARSEDATETIME(DATEADD('DAY', 13, CURRENT_DATE()) || ' 08:00', 'yyyy-MM-dd HH:mm'), PARSEDATETIME(DATEADD('DAY', 13, CURRENT_DATE()) || ' 17:00', 'yyyy-MM-dd HH:mm'), 125.25, 'CONFIRMED');
insert into t_lend (id, start_date_time, end_date_time, price, lend_status) values (14, PARSEDATETIME(DATEADD('DAY', 14, CURRENT_DATE()) || ' 08:00', 'yyyy-MM-dd HH:mm'), PARSEDATETIME(DATEADD('DAY', 14, CURRENT_DATE()) || ' 17:00', 'yyyy-MM-dd HH:mm'), 116.86, 'ENDED');
insert into t_lend (id, start_date_time, end_date_time, price, lend_status) values (15, PARSEDATETIME(DATEADD('DAY', 15, CURRENT_DATE()) || ' 08:00', 'yyyy-MM-dd HH:mm'), PARSEDATETIME(DATEADD('DAY', 15, CURRENT_DATE()) || ' 17:00', 'yyyy-MM-dd HH:mm'), 83.32, 'ENDED');
insert into t_lend (id, start_date_time, end_date_time, price, lend_status) values (16, PARSEDATETIME(DATEADD('DAY', 16, CURRENT_DATE()) || ' 08:00', 'yyyy-MM-dd HH:mm'), PARSEDATETIME(DATEADD('DAY', 16, CURRENT_DATE()) || ' 17:00', 'yyyy-MM-dd HH:mm'), 91.82, 'CONFIRMED');
insert into t_lend (id, start_date_time, end_date_time, price, lend_status) values (17, PARSEDATETIME(DATEADD('DAY', 17, CURRENT_DATE()) || ' 08:00', 'yyyy-MM-dd HH:mm'), PARSEDATETIME(DATEADD('DAY', 17, CURRENT_DATE()) || ' 17:00', 'yyyy-MM-dd HH:mm'), 85.52, 'CONFIRMED');
insert into t_lend (id, start_date_time, end_date_time, price, lend_status) values (18, PARSEDATETIME(DATEADD('DAY', 18, CURRENT_DATE()) || ' 08:00', 'yyyy-MM-dd HH:mm'), PARSEDATETIME(DATEADD('DAY', 18, CURRENT_DATE()) || ' 17:00', 'yyyy-MM-dd HH:mm'), 91.56, 'CONFIRMED');
insert into t_lend (id, start_date_time, end_date_time, price, lend_status) values (19, PARSEDATETIME(DATEADD('DAY', 19, CURRENT_DATE()) || ' 08:00', 'yyyy-MM-dd HH:mm'), PARSEDATETIME(DATEADD('DAY', 19, CURRENT_DATE()) || ' 17:00', 'yyyy-MM-dd HH:mm'), 125.59, 'REQUESTED');
insert into t_lend (id, start_date_time, end_date_time, price, lend_status) values (20, PARSEDATETIME(DATEADD('DAY', 20, CURRENT_DATE()) || ' 08:00', 'yyyy-MM-dd HH:mm'), PARSEDATETIME(DATEADD('DAY', 20, CURRENT_DATE()) || ' 17:00', 'yyyy-MM-dd HH:mm'), 102.87, 'ENDED');
insert into t_lend (id, start_date_time, end_date_time, price, lend_status) values (21, PARSEDATETIME(DATEADD('DAY', 21, CURRENT_DATE()) || ' 08:00', 'yyyy-MM-dd HH:mm'), PARSEDATETIME(DATEADD('DAY', 21, CURRENT_DATE()) || ' 17:00', 'yyyy-MM-dd HH:mm'), 71.57, 'REQUESTED');
insert into t_lend (id, start_date_time, end_date_time, price, lend_status) values (22, PARSEDATETIME(DATEADD('DAY', 22, CURRENT_DATE()) || ' 08:00', 'yyyy-MM-dd HH:mm'), PARSEDATETIME(DATEADD('DAY', 22, CURRENT_DATE()) || ' 17:00', 'yyyy-MM-dd HH:mm'), 146.96, 'CONFIRMED');
insert into t_lend (id, start_date_time, end_date_time, price, lend_status) values (23, PARSEDATETIME(DATEADD('DAY', 23, CURRENT_DATE()) || ' 08:00', 'yyyy-MM-dd HH:mm'), PARSEDATETIME(DATEADD('DAY', 23, CURRENT_DATE()) || ' 17:00', 'yyyy-MM-dd HH:mm'), 120.8, 'COMPLETED');
insert into t_lend (id, start_date_time, end_date_time, price, lend_status) values (24, PARSEDATETIME(DATEADD('DAY', 24, CURRENT_DATE()) || ' 08:00', 'yyyy-MM-dd HH:mm'), PARSEDATETIME(DATEADD('DAY', 24, CURRENT_DATE()) || ' 17:00', 'yyyy-MM-dd HH:mm'), 124.66, 'CANCELED');
insert into t_lend (id, start_date_time, end_date_time, price, lend_status) values (25, PARSEDATETIME(DATEADD('DAY', 25, CURRENT_DATE()) || ' 08:00', 'yyyy-MM-dd HH:mm'), PARSEDATETIME(DATEADD('DAY', 25, CURRENT_DATE()) || ' 17:00', 'yyyy-MM-dd HH:mm'), 83.1, 'CANCELED');
insert into t_lend (id, start_date_time, end_date_time, price, lend_status) values (26, PARSEDATETIME(DATEADD('DAY', 26, CURRENT_DATE()) || ' 08:00', 'yyyy-MM-dd HH:mm'), PARSEDATETIME(DATEADD('DAY', 26, CURRENT_DATE()) || ' 17:00', 'yyyy-MM-dd HH:mm'), 113.39, 'COMPLETED');
insert into t_lend (id, start_date_time, end_date_time, price, lend_status) values (27, PARSEDATETIME(DATEADD('DAY', 27, CURRENT_DATE()) || ' 08:00', 'yyyy-MM-dd HH:mm'), PARSEDATETIME(DATEADD('DAY', 27, CURRENT_DATE()) || ' 17:00', 'yyyy-MM-dd HH:mm'), 71.37, 'ENDED');
insert into t_lend (id, start_date_time, end_date_time, price, lend_status) values (28, PARSEDATETIME(DATEADD('DAY', 28, CURRENT_DATE()) || ' 08:00', 'yyyy-MM-dd HH:mm'), PARSEDATETIME(DATEADD('DAY', 28, CURRENT_DATE()) || ' 17:00', 'yyyy-MM-dd HH:mm'), 143.54, 'COMPLETED');
insert into t_lend (id, start_date_time, end_date_time, price, lend_status) values (29, PARSEDATETIME(DATEADD('DAY', 29, CURRENT_DATE()) || ' 08:00', 'yyyy-MM-dd HH:mm'), PARSEDATETIME(DATEADD('DAY', 29, CURRENT_DATE()) || ' 17:00', 'yyyy-MM-dd HH:mm'), 134.94, 'CONFIRMED');
insert into t_lend (id, start_date_time, end_date_time, price, lend_status) values (30, PARSEDATETIME(DATEADD('DAY', 30, CURRENT_DATE()) || ' 08:00', 'yyyy-MM-dd HH:mm'), PARSEDATETIME(DATEADD('DAY', 30, CURRENT_DATE()) || ' 17:00', 'yyyy-MM-dd HH:mm'), 122.5, 'COMPLETED');
insert into t_lend (id, start_date_time, end_date_time, price, lend_status) values (31, PARSEDATETIME(DATEADD('DAY', 31, CURRENT_DATE()) || ' 08:00', 'yyyy-MM-dd HH:mm'), PARSEDATETIME(DATEADD('DAY', 31, CURRENT_DATE()) || ' 17:00', 'yyyy-MM-dd HH:mm'), 132.79, 'CONFIRMED');
insert into t_lend (id, start_date_time, end_date_time, price, lend_status) values (32, PARSEDATETIME(DATEADD('DAY', 32, CURRENT_DATE()) || ' 08:00', 'yyyy-MM-dd HH:mm'), PARSEDATETIME(DATEADD('DAY', 32, CURRENT_DATE()) || ' 17:00', 'yyyy-MM-dd HH:mm'), 119.36, 'COMPLETED');
insert into t_lend (id, start_date_time, end_date_time, price, lend_status) values (33, PARSEDATETIME(DATEADD('DAY', 33, CURRENT_DATE()) || ' 08:00', 'yyyy-MM-dd HH:mm'), PARSEDATETIME(DATEADD('DAY', 33, CURRENT_DATE()) || ' 17:00', 'yyyy-MM-dd HH:mm'), 84.0, 'ENDED');
insert into t_lend (id, start_date_time, end_date_time, price, lend_status) values (34, PARSEDATETIME(DATEADD('DAY', 34, CURRENT_DATE()) || ' 08:00', 'yyyy-MM-dd HH:mm'), PARSEDATETIME(DATEADD('DAY', 34, CURRENT_DATE()) || ' 17:00', 'yyyy-MM-dd HH:mm'), 138.26, 'REQUESTED');
insert into t_lend (id, start_date_time, end_date_time, price, lend_status) values (35, PARSEDATETIME(DATEADD('DAY', 35, CURRENT_DATE()) || ' 08:00', 'yyyy-MM-dd HH:mm'), PARSEDATETIME(DATEADD('DAY', 35, CURRENT_DATE()) || ' 17:00', 'yyyy-MM-dd HH:mm'), 104.98, 'ENDED');
insert into t_lend (id, start_date_time, end_date_time, price, lend_status) values (36, PARSEDATETIME(DATEADD('DAY', 36, CURRENT_DATE()) || ' 08:00', 'yyyy-MM-dd HH:mm'), PARSEDATETIME(DATEADD('DAY', 36, CURRENT_DATE()) || ' 17:00', 'yyyy-MM-dd HH:mm'), 93.86, 'CONFIRMED');
insert into t_lend (id, start_date_time, end_date_time, price, lend_status) values (37, PARSEDATETIME(DATEADD('DAY', 37, CURRENT_DATE()) || ' 08:00', 'yyyy-MM-dd HH:mm'), PARSEDATETIME(DATEADD('DAY', 37, CURRENT_DATE()) || ' 17:00', 'yyyy-MM-dd HH:mm'), 62.95, 'CONFIRMED');
insert into t_lend (id, start_date_time, end_date_time, price, lend_status) values (38, PARSEDATETIME(DATEADD('DAY', 38, CURRENT_DATE()) || ' 08:00', 'yyyy-MM-dd HH:mm'), PARSEDATETIME(DATEADD('DAY', 38, CURRENT_DATE()) || ' 17:00', 'yyyy-MM-dd HH:mm'), 134.27, 'CANCELED');
insert into t_lend (id, start_date_time, end_date_time, price, lend_status) values (39, PARSEDATETIME(DATEADD('DAY', 39, CURRENT_DATE()) || ' 08:00', 'yyyy-MM-dd HH:mm'), PARSEDATETIME(DATEADD('DAY', 39, CURRENT_DATE()) || ' 17:00', 'yyyy-MM-dd HH:mm'), 89.4, 'COMPLETED');
insert into t_lend (id, start_date_time, end_date_time, price, lend_status) values (40, PARSEDATETIME(DATEADD('DAY', 40, CURRENT_DATE()) || ' 08:00', 'yyyy-MM-dd HH:mm'), PARSEDATETIME(DATEADD('DAY', 40, CURRENT_DATE()) || ' 17:00', 'yyyy-MM-dd HH:mm'), 66.39, 'REQUESTED');
insert into t_lend (id, start_date_time, end_date_time, price, lend_status) values (41, PARSEDATETIME(DATEADD('DAY', 41, CURRENT_DATE()) || ' 08:00', 'yyyy-MM-dd HH:mm'), PARSEDATETIME(DATEADD('DAY', 41, CURRENT_DATE()) || ' 17:00', 'yyyy-MM-dd HH:mm'), 53.54, 'CANCELED');
insert into t_lend (id, start_date_time, end_date_time, price, lend_status) values (42, PARSEDATETIME(DATEADD('DAY', 42, CURRENT_DATE()) || ' 08:00', 'yyyy-MM-dd HH:mm'), PARSEDATETIME(DATEADD('DAY', 42, CURRENT_DATE()) || ' 17:00', 'yyyy-MM-dd HH:mm'), 52.66, 'CONFIRMED');
insert into t_lend (id, start_date_time, end_date_time, price, lend_status) values (43, PARSEDATETIME(DATEADD('DAY', 43, CURRENT_DATE()) || ' 08:00', 'yyyy-MM-dd HH:mm'), PARSEDATETIME(DATEADD('DAY', 43, CURRENT_DATE()) || ' 17:00', 'yyyy-MM-dd HH:mm'), 78.65, 'COMPLETED');
insert into t_lend (id, start_date_time, end_date_time, price, lend_status) values (44, PARSEDATETIME(DATEADD('DAY', 44, CURRENT_DATE()) || ' 08:00', 'yyyy-MM-dd HH:mm'), PARSEDATETIME(DATEADD('DAY', 44, CURRENT_DATE()) || ' 17:00', 'yyyy-MM-dd HH:mm'), 116.11, 'CONFIRMED');
insert into t_lend (id, start_date_time, end_date_time, price, lend_status) values (45, PARSEDATETIME(DATEADD('DAY', 45, CURRENT_DATE()) || ' 08:00', 'yyyy-MM-dd HH:mm'), PARSEDATETIME(DATEADD('DAY', 45, CURRENT_DATE()) || ' 17:00', 'yyyy-MM-dd HH:mm'), 53.62, 'REQUESTED');
insert into t_lend (id, start_date_time, end_date_time, price, lend_status) values (46, PARSEDATETIME(DATEADD('DAY', 46, CURRENT_DATE()) || ' 08:00', 'yyyy-MM-dd HH:mm'), PARSEDATETIME(DATEADD('DAY', 46, CURRENT_DATE()) || ' 17:00', 'yyyy-MM-dd HH:mm'), 92.15, 'COMPLETED');
insert into t_lend (id, start_date_time, end_date_time, price, lend_status) values (47, PARSEDATETIME(DATEADD('DAY', 47, CURRENT_DATE()) || ' 08:00', 'yyyy-MM-dd HH:mm'), PARSEDATETIME(DATEADD('DAY', 47, CURRENT_DATE()) || ' 17:00', 'yyyy-MM-dd HH:mm'), 112.35, 'CANCELED');
insert into t_lend (id, start_date_time, end_date_time, price, lend_status) values (48, PARSEDATETIME(DATEADD('DAY', 48, CURRENT_DATE()) || ' 08:00', 'yyyy-MM-dd HH:mm'), PARSEDATETIME(DATEADD('DAY', 48, CURRENT_DATE()) || ' 17:00', 'yyyy-MM-dd HH:mm'), 81.92, 'CONFIRMED');
insert into t_lend (id, start_date_time, end_date_time, price, lend_status) values (49, PARSEDATETIME(DATEADD('DAY', 49, CURRENT_DATE()) || ' 08:00', 'yyyy-MM-dd HH:mm'), PARSEDATETIME(DATEADD('DAY', 49, CURRENT_DATE()) || ' 17:00', 'yyyy-MM-dd HH:mm'), 57.31, 'CONFIRMED');
insert into t_lend (id, start_date_time, end_date_time, price, lend_status) values (50, PARSEDATETIME(DATEADD('DAY', 50, CURRENT_DATE()) || ' 08:00', 'yyyy-MM-dd HH:mm'), PARSEDATETIME(DATEADD('DAY', 50, CURRENT_DATE()) || ' 17:00', 'yyyy-MM-dd HH:mm'), 92.55, 'COMPLETED');
insert into t_lend (id, start_date_time, end_date_time, price, lend_status) values (51, PARSEDATETIME(DATEADD('DAY', 51, CURRENT_DATE()) || ' 08:00', 'yyyy-MM-dd HH:mm'), PARSEDATETIME(DATEADD('DAY', 51, CURRENT_DATE()) || ' 17:00', 'yyyy-MM-dd HH:mm'), 87.62, 'ENDED');
insert into t_lend (id, start_date_time, end_date_time, price, lend_status) values (52, PARSEDATETIME(DATEADD('DAY', 52, CURRENT_DATE()) || ' 08:00', 'yyyy-MM-dd HH:mm'), PARSEDATETIME(DATEADD('DAY', 52, CURRENT_DATE()) || ' 17:00', 'yyyy-MM-dd HH:mm'), 115.8, 'COMPLETED');
insert into t_lend (id, start_date_time, end_date_time, price, lend_status) values (53, PARSEDATETIME(DATEADD('DAY', 53, CURRENT_DATE()) || ' 08:00', 'yyyy-MM-dd HH:mm'), PARSEDATETIME(DATEADD('DAY', 53, CURRENT_DATE()) || ' 17:00', 'yyyy-MM-dd HH:mm'), 84.37, 'ENDED');
insert into t_lend (id, start_date_time, end_date_time, price, lend_status) values (54, PARSEDATETIME(DATEADD('DAY', 54, CURRENT_DATE()) || ' 08:00', 'yyyy-MM-dd HH:mm'), PARSEDATETIME(DATEADD('DAY', 54, CURRENT_DATE()) || ' 17:00', 'yyyy-MM-dd HH:mm'), 146.63, 'ENDED');
insert into t_lend (id, start_date_time, end_date_time, price, lend_status) values (55, PARSEDATETIME(DATEADD('DAY', 55, CURRENT_DATE()) || ' 08:00', 'yyyy-MM-dd HH:mm'), PARSEDATETIME(DATEADD('DAY', 55, CURRENT_DATE()) || ' 17:00', 'yyyy-MM-dd HH:mm'), 95.95, 'COMPLETED');
insert into t_lend (id, start_date_time, end_date_time, price, lend_status) values (56, PARSEDATETIME(DATEADD('DAY', 56, CURRENT_DATE()) || ' 08:00', 'yyyy-MM-dd HH:mm'), PARSEDATETIME(DATEADD('DAY', 56, CURRENT_DATE()) || ' 17:00', 'yyyy-MM-dd HH:mm'), 85.83, 'REQUESTED');
insert into t_lend (id, start_date_time, end_date_time, price, lend_status) values (57, PARSEDATETIME(DATEADD('DAY', 57, CURRENT_DATE()) || ' 08:00', 'yyyy-MM-dd HH:mm'), PARSEDATETIME(DATEADD('DAY', 57, CURRENT_DATE()) || ' 17:00', 'yyyy-MM-dd HH:mm'), 85.49, 'ENDED');
insert into t_lend (id, start_date_time, end_date_time, price, lend_status) values (58, PARSEDATETIME(DATEADD('DAY', 58, CURRENT_DATE()) || ' 08:00', 'yyyy-MM-dd HH:mm'), PARSEDATETIME(DATEADD('DAY', 58, CURRENT_DATE()) || ' 17:00', 'yyyy-MM-dd HH:mm'), 113.51, 'ENDED');
insert into t_lend (id, start_date_time, end_date_time, price, lend_status) values (59, PARSEDATETIME(DATEADD('DAY', 59, CURRENT_DATE()) || ' 08:00', 'yyyy-MM-dd HH:mm'), PARSEDATETIME(DATEADD('DAY', 59, CURRENT_DATE()) || ' 17:00', 'yyyy-MM-dd HH:mm'), 70.83, 'REQUESTED');
insert into t_lend (id, start_date_time, end_date_time, price, lend_status) values (60, PARSEDATETIME(DATEADD('DAY', 60, CURRENT_DATE()) || ' 08:00', 'yyyy-MM-dd HH:mm'), PARSEDATETIME(DATEADD('DAY', 60, CURRENT_DATE()) || ' 17:00', 'yyyy-MM-dd HH:mm'), 141.37, 'CONFIRMED');
insert into t_lend (id, start_date_time, end_date_time, price, lend_status) values (61, PARSEDATETIME(DATEADD('DAY', 61, CURRENT_DATE()) || ' 08:00', 'yyyy-MM-dd HH:mm'), PARSEDATETIME(DATEADD('DAY', 61, CURRENT_DATE()) || ' 17:00', 'yyyy-MM-dd HH:mm'), 138.23, 'COMPLETED');
insert into t_lend (id, start_date_time, end_date_time, price, lend_status) values (62, PARSEDATETIME(DATEADD('DAY', 62, CURRENT_DATE()) || ' 08:00', 'yyyy-MM-dd HH:mm'), PARSEDATETIME(DATEADD('DAY', 62, CURRENT_DATE()) || ' 17:00', 'yyyy-MM-dd HH:mm'), 147.67, 'CANCELED');
insert into t_lend (id, start_date_time, end_date_time, price, lend_status) values (63, PARSEDATETIME(DATEADD('DAY', 63, CURRENT_DATE()) || ' 08:00', 'yyyy-MM-dd HH:mm'), PARSEDATETIME(DATEADD('DAY', 63, CURRENT_DATE()) || ' 17:00', 'yyyy-MM-dd HH:mm'), 132.39, 'CONFIRMED');
insert into t_lend (id, start_date_time, end_date_time, price, lend_status) values (64, PARSEDATETIME(DATEADD('DAY', 64, CURRENT_DATE()) || ' 08:00', 'yyyy-MM-dd HH:mm'), PARSEDATETIME(DATEADD('DAY', 64, CURRENT_DATE()) || ' 17:00', 'yyyy-MM-dd HH:mm'), 68.98, 'ENDED');
insert into t_lend (id, start_date_time, end_date_time, price, lend_status) values (65, PARSEDATETIME(DATEADD('DAY', 65, CURRENT_DATE()) || ' 08:00', 'yyyy-MM-dd HH:mm'), PARSEDATETIME(DATEADD('DAY', 65, CURRENT_DATE()) || ' 17:00', 'yyyy-MM-dd HH:mm'), 68.22, 'REQUESTED');
insert into t_lend (id, start_date_time, end_date_time, price, lend_status) values (66, PARSEDATETIME(DATEADD('DAY', 66, CURRENT_DATE()) || ' 08:00', 'yyyy-MM-dd HH:mm'), PARSEDATETIME(DATEADD('DAY', 66, CURRENT_DATE()) || ' 17:00', 'yyyy-MM-dd HH:mm'), 134.52, 'ENDED');
insert into t_lend (id, start_date_time, end_date_time, price, lend_status) values (67, PARSEDATETIME(DATEADD('DAY', 67, CURRENT_DATE()) || ' 08:00', 'yyyy-MM-dd HH:mm'), PARSEDATETIME(DATEADD('DAY', 67, CURRENT_DATE()) || ' 17:00', 'yyyy-MM-dd HH:mm'), 53.48, 'REQUESTED');
insert into t_lend (id, start_date_time, end_date_time, price, lend_status) values (68, PARSEDATETIME(DATEADD('DAY', 68, CURRENT_DATE()) || ' 08:00', 'yyyy-MM-dd HH:mm'), PARSEDATETIME(DATEADD('DAY', 68, CURRENT_DATE()) || ' 17:00', 'yyyy-MM-dd HH:mm'), 134.35, 'ENDED');
insert into t_lend (id, start_date_time, end_date_time, price, lend_status) values (69, PARSEDATETIME(DATEADD('DAY', 69, CURRENT_DATE()) || ' 08:00', 'yyyy-MM-dd HH:mm'), PARSEDATETIME(DATEADD('DAY', 69, CURRENT_DATE()) || ' 17:00', 'yyyy-MM-dd HH:mm'), 140.63, 'COMPLETED');
insert into t_lend (id, start_date_time, end_date_time, price, lend_status) values (70, PARSEDATETIME(DATEADD('DAY', 70, CURRENT_DATE()) || ' 08:00', 'yyyy-MM-dd HH:mm'), PARSEDATETIME(DATEADD('DAY', 70, CURRENT_DATE()) || ' 17:00', 'yyyy-MM-dd HH:mm'), 92.31, 'CANCELED');
insert into t_lend (id, start_date_time, end_date_time, price, lend_status) values (71, PARSEDATETIME(DATEADD('DAY', 71, CURRENT_DATE()) || ' 08:00', 'yyyy-MM-dd HH:mm'), PARSEDATETIME(DATEADD('DAY', 71, CURRENT_DATE()) || ' 17:00', 'yyyy-MM-dd HH:mm'), 71.51, 'CONFIRMED');
insert into t_lend (id, start_date_time, end_date_time, price, lend_status) values (72, PARSEDATETIME(DATEADD('DAY', 72, CURRENT_DATE()) || ' 08:00', 'yyyy-MM-dd HH:mm'), PARSEDATETIME(DATEADD('DAY', 72, CURRENT_DATE()) || ' 17:00', 'yyyy-MM-dd HH:mm'), 129.55, 'ENDED');
insert into t_lend (id, start_date_time, end_date_time, price, lend_status) values (73, PARSEDATETIME(DATEADD('DAY', 73, CURRENT_DATE()) || ' 08:00', 'yyyy-MM-dd HH:mm'), PARSEDATETIME(DATEADD('DAY', 73, CURRENT_DATE()) || ' 17:00', 'yyyy-MM-dd HH:mm'), 58.92, 'CONFIRMED');
insert into t_lend (id, start_date_time, end_date_time, price, lend_status) values (74, PARSEDATETIME(DATEADD('DAY', 74, CURRENT_DATE()) || ' 08:00', 'yyyy-MM-dd HH:mm'), PARSEDATETIME(DATEADD('DAY', 74, CURRENT_DATE()) || ' 17:00', 'yyyy-MM-dd HH:mm'), 127.58, 'ENDED');
insert into t_lend (id, start_date_time, end_date_time, price, lend_status) values (75, PARSEDATETIME(DATEADD('DAY', 75, CURRENT_DATE()) || ' 08:00', 'yyyy-MM-dd HH:mm'), PARSEDATETIME(DATEADD('DAY', 75, CURRENT_DATE()) || ' 17:00', 'yyyy-MM-dd HH:mm'), 73.84, 'CANCELED');
insert into t_lend (id, start_date_time, end_date_time, price, lend_status) values (76, PARSEDATETIME(DATEADD('DAY', 76, CURRENT_DATE()) || ' 08:00', 'yyyy-MM-dd HH:mm'), PARSEDATETIME(DATEADD('DAY', 76, CURRENT_DATE()) || ' 17:00', 'yyyy-MM-dd HH:mm'), 57.26, 'COMPLETED');
insert into t_lend (id, start_date_time, end_date_time, price, lend_status) values (77, PARSEDATETIME(DATEADD('DAY', 77, CURRENT_DATE()) || ' 08:00', 'yyyy-MM-dd HH:mm'), PARSEDATETIME(DATEADD('DAY', 77, CURRENT_DATE()) || ' 17:00', 'yyyy-MM-dd HH:mm'), 131.41, 'CANCELED');
insert into t_lend (id, start_date_time, end_date_time, price, lend_status) values (78, PARSEDATETIME(DATEADD('DAY', 78, CURRENT_DATE()) || ' 08:00', 'yyyy-MM-dd HH:mm'), PARSEDATETIME(DATEADD('DAY', 78, CURRENT_DATE()) || ' 17:00', 'yyyy-MM-dd HH:mm'), 58.42, 'COMPLETED');
insert into t_lend (id, start_date_time, end_date_time, price, lend_status) values (79, PARSEDATETIME(DATEADD('DAY', 79, CURRENT_DATE()) || ' 08:00', 'yyyy-MM-dd HH:mm'), PARSEDATETIME(DATEADD('DAY', 79, CURRENT_DATE()) || ' 17:00', 'yyyy-MM-dd HH:mm'), 117.91, 'REQUESTED');
insert into t_lend (id, start_date_time, end_date_time, price, lend_status) values (80, PARSEDATETIME(DATEADD('DAY', 80, CURRENT_DATE()) || ' 08:00', 'yyyy-MM-dd HH:mm'), PARSEDATETIME(DATEADD('DAY', 80, CURRENT_DATE()) || ' 17:00', 'yyyy-MM-dd HH:mm'), 60.53, 'CONFIRMED');
insert into t_lend (id, start_date_time, end_date_time, price, lend_status) values (81, PARSEDATETIME(DATEADD('DAY', 81, CURRENT_DATE()) || ' 08:00', 'yyyy-MM-dd HH:mm'), PARSEDATETIME(DATEADD('DAY', 81, CURRENT_DATE()) || ' 17:00', 'yyyy-MM-dd HH:mm'), 123.93, 'COMPLETED');
insert into t_lend (id, start_date_time, end_date_time, price, lend_status) values (82, PARSEDATETIME(DATEADD('DAY', 82, CURRENT_DATE()) || ' 08:00', 'yyyy-MM-dd HH:mm'), PARSEDATETIME(DATEADD('DAY', 82, CURRENT_DATE()) || ' 17:00', 'yyyy-MM-dd HH:mm'), 54.0, 'CANCELED');
insert into t_lend (id, start_date_time, end_date_time, price, lend_status) values (83, PARSEDATETIME(DATEADD('DAY', 83, CURRENT_DATE()) || ' 08:00', 'yyyy-MM-dd HH:mm'), PARSEDATETIME(DATEADD('DAY', 83, CURRENT_DATE()) || ' 17:00', 'yyyy-MM-dd HH:mm'), 129.31, 'CONFIRMED');
insert into t_lend (id, start_date_time, end_date_time, price, lend_status) values (84, PARSEDATETIME(DATEADD('DAY', 84, CURRENT_DATE()) || ' 08:00', 'yyyy-MM-dd HH:mm'), PARSEDATETIME(DATEADD('DAY', 84, CURRENT_DATE()) || ' 17:00', 'yyyy-MM-dd HH:mm'), 128.68, 'ENDED');
insert into t_lend (id, start_date_time, end_date_time, price, lend_status) values (85, PARSEDATETIME(DATEADD('DAY', 85, CURRENT_DATE()) || ' 08:00', 'yyyy-MM-dd HH:mm'), PARSEDATETIME(DATEADD('DAY', 85, CURRENT_DATE()) || ' 17:00', 'yyyy-MM-dd HH:mm'), 90.24, 'COMPLETED');
insert into t_lend (id, start_date_time, end_date_time, price, lend_status) values (86, PARSEDATETIME(DATEADD('DAY', 86, CURRENT_DATE()) || ' 08:00', 'yyyy-MM-dd HH:mm'), PARSEDATETIME(DATEADD('DAY', 86, CURRENT_DATE()) || ' 17:00', 'yyyy-MM-dd HH:mm'), 71.58, 'CONFIRMED');
insert into t_lend (id, start_date_time, end_date_time, price, lend_status) values (87, PARSEDATETIME(DATEADD('DAY', 87, CURRENT_DATE()) || ' 08:00', 'yyyy-MM-dd HH:mm'), PARSEDATETIME(DATEADD('DAY', 87, CURRENT_DATE()) || ' 17:00', 'yyyy-MM-dd HH:mm'), 143.06, 'CONFIRMED');
insert into t_lend (id, start_date_time, end_date_time, price, lend_status) values (88, PARSEDATETIME(DATEADD('DAY', 88, CURRENT_DATE()) || ' 08:00', 'yyyy-MM-dd HH:mm'), PARSEDATETIME(DATEADD('DAY', 88, CURRENT_DATE()) || ' 17:00', 'yyyy-MM-dd HH:mm'), 53.75, 'CANCELED');
insert into t_lend (id, start_date_time, end_date_time, price, lend_status) values (89, PARSEDATETIME(DATEADD('DAY', 89, CURRENT_DATE()) || ' 08:00', 'yyyy-MM-dd HH:mm'), PARSEDATETIME(DATEADD('DAY', 89, CURRENT_DATE()) || ' 17:00', 'yyyy-MM-dd HH:mm'), 100.11, 'CONFIRMED');
insert into t_lend (id, start_date_time, end_date_time, price, lend_status) values (90, PARSEDATETIME(DATEADD('DAY', 90, CURRENT_DATE()) || ' 08:00', 'yyyy-MM-dd HH:mm'), PARSEDATETIME(DATEADD('DAY', 90, CURRENT_DATE()) || ' 17:00', 'yyyy-MM-dd HH:mm'), 89.43, 'ENDED');
insert into t_lend (id, start_date_time, end_date_time, price, lend_status) values (91, PARSEDATETIME(DATEADD('DAY', 91, CURRENT_DATE()) || ' 08:00', 'yyyy-MM-dd HH:mm'), PARSEDATETIME(DATEADD('DAY', 91, CURRENT_DATE()) || ' 17:00', 'yyyy-MM-dd HH:mm'), 114.12, 'ENDED');
insert into t_lend (id, start_date_time, end_date_time, price, lend_status) values (92, PARSEDATETIME(DATEADD('DAY', 92, CURRENT_DATE()) || ' 08:00', 'yyyy-MM-dd HH:mm'), PARSEDATETIME(DATEADD('DAY', 92, CURRENT_DATE()) || ' 17:00', 'yyyy-MM-dd HH:mm'), 66.25, 'CANCELED');
insert into t_lend (id, start_date_time, end_date_time, price, lend_status) values (93, PARSEDATETIME(DATEADD('DAY', 93, CURRENT_DATE()) || ' 08:00', 'yyyy-MM-dd HH:mm'), PARSEDATETIME(DATEADD('DAY', 93, CURRENT_DATE()) || ' 17:00', 'yyyy-MM-dd HH:mm'), 100.24, 'REQUESTED');
insert into t_lend (id, start_date_time, end_date_time, price, lend_status) values (94, PARSEDATETIME(DATEADD('DAY', 94, CURRENT_DATE()) || ' 08:00', 'yyyy-MM-dd HH:mm'), PARSEDATETIME(DATEADD('DAY', 94, CURRENT_DATE()) || ' 17:00', 'yyyy-MM-dd HH:mm'), 143.44, 'REQUESTED');
insert into t_lend (id, start_date_time, end_date_time, price, lend_status) values (95, PARSEDATETIME(DATEADD('DAY', 95, CURRENT_DATE()) || ' 08:00', 'yyyy-MM-dd HH:mm'), PARSEDATETIME(DATEADD('DAY', 95, CURRENT_DATE()) || ' 17:00', 'yyyy-MM-dd HH:mm'), 105.98, 'ENDED');
insert into t_lend (id, start_date_time, end_date_time, price, lend_status) values (96, PARSEDATETIME(DATEADD('DAY', 96, CURRENT_DATE()) || ' 08:00', 'yyyy-MM-dd HH:mm'), PARSEDATETIME(DATEADD('DAY', 96, CURRENT_DATE()) || ' 17:00', 'yyyy-MM-dd HH:mm'), 113.69, 'CANCELED');
insert into t_lend (id, start_date_time, end_date_time, price, lend_status) values (97, PARSEDATETIME(DATEADD('DAY', 97, CURRENT_DATE()) || ' 08:00', 'yyyy-MM-dd HH:mm'), PARSEDATETIME(DATEADD('DAY', 97, CURRENT_DATE()) || ' 17:00', 'yyyy-MM-dd HH:mm'), 51.59, 'REQUESTED');
insert into t_lend (id, start_date_time, end_date_time, price, lend_status) values (98, PARSEDATETIME(DATEADD('DAY', 98, CURRENT_DATE()) || ' 08:00', 'yyyy-MM-dd HH:mm'), PARSEDATETIME(DATEADD('DAY', 98, CURRENT_DATE()) || ' 17:00', 'yyyy-MM-dd HH:mm'), 69.89, 'ENDED');
insert into t_lend (id, start_date_time, end_date_time, price, lend_status) values (99, PARSEDATETIME(DATEADD('DAY', 99, CURRENT_DATE()) || ' 08:00', 'yyyy-MM-dd HH:mm'), PARSEDATETIME(DATEADD('DAY', 99, CURRENT_DATE()) || ' 17:00', 'yyyy-MM-dd HH:mm'), 128.82, 'ENDED');
insert into t_lend (id, start_date_time, end_date_time, price, lend_status) values (100, PARSEDATETIME(DATEADD('DAY', 100, CURRENT_DATE()) || ' 08:00', 'yyyy-MM-dd HH:mm'), PARSEDATETIME(DATEADD('DAY', 100, CURRENT_DATE()) || ' 17:00', 'yyyy-MM-dd HH:mm'), 113.14, 'CANCELED');

---------------------------------
-- USER_LEND --
---------------------------------
insert into t_user_lend (user_id, lend_id) values (1, 1);
insert into t_user_lend (user_id, lend_id) values (2, 2);
insert into t_user_lend (user_id, lend_id) values (3, 3);
insert into t_user_lend (user_id, lend_id) values (4, 4);
insert into t_user_lend (user_id, lend_id) values (5, 5);
insert into t_user_lend (user_id, lend_id) values (6, 6);
insert into t_user_lend (user_id, lend_id) values (7, 7);
insert into t_user_lend (user_id, lend_id) values (8, 8);
insert into t_user_lend (user_id, lend_id) values (9, 9);
insert into t_user_lend (user_id, lend_id) values (10, 10);
insert into t_user_lend (user_id, lend_id) values (11, 11);
insert into t_user_lend (user_id, lend_id) values (12, 12);
insert into t_user_lend (user_id, lend_id) values (13, 13);
insert into t_user_lend (user_id, lend_id) values (14, 14);
insert into t_user_lend (user_id, lend_id) values (15, 15);
insert into t_user_lend (user_id, lend_id) values (16, 16);
insert into t_user_lend (user_id, lend_id) values (17, 17);
insert into t_user_lend (user_id, lend_id) values (18, 18);
insert into t_user_lend (user_id, lend_id) values (19, 19);
insert into t_user_lend (user_id, lend_id) values (20, 20);
insert into t_user_lend (user_id, lend_id) values (21, 21);
insert into t_user_lend (user_id, lend_id) values (22, 22);
insert into t_user_lend (user_id, lend_id) values (23, 23);
insert into t_user_lend (user_id, lend_id) values (24, 24);
insert into t_user_lend (user_id, lend_id) values (25, 25);
insert into t_user_lend (user_id, lend_id) values (26, 26);
insert into t_user_lend (user_id, lend_id) values (27, 27);
insert into t_user_lend (user_id, lend_id) values (28, 28);
insert into t_user_lend (user_id, lend_id) values (29, 29);
insert into t_user_lend (user_id, lend_id) values (30, 30);
insert into t_user_lend (user_id, lend_id) values (31, 31);
insert into t_user_lend (user_id, lend_id) values (32, 32);
insert into t_user_lend (user_id, lend_id) values (33, 33);
insert into t_user_lend (user_id, lend_id) values (34, 34);
insert into t_user_lend (user_id, lend_id) values (35, 35);
insert into t_user_lend (user_id, lend_id) values (36, 36);
insert into t_user_lend (user_id, lend_id) values (37, 37);
insert into t_user_lend (user_id, lend_id) values (38, 38);
insert into t_user_lend (user_id, lend_id) values (39, 39);
insert into t_user_lend (user_id, lend_id) values (40, 40);
insert into t_user_lend (user_id, lend_id) values (41, 41);
insert into t_user_lend (user_id, lend_id) values (42, 42);
insert into t_user_lend (user_id, lend_id) values (43, 43);
insert into t_user_lend (user_id, lend_id) values (44, 44);
insert into t_user_lend (user_id, lend_id) values (45, 45);
insert into t_user_lend (user_id, lend_id) values (46, 46);
insert into t_user_lend (user_id, lend_id) values (47, 47);
insert into t_user_lend (user_id, lend_id) values (48, 48);
insert into t_user_lend (user_id, lend_id) values (49, 49);
insert into t_user_lend (user_id, lend_id) values (50, 50);
insert into t_user_lend (user_id, lend_id) values (51, 51);
insert into t_user_lend (user_id, lend_id) values (52, 52);
insert into t_user_lend (user_id, lend_id) values (53, 53);
insert into t_user_lend (user_id, lend_id) values (54, 54);
insert into t_user_lend (user_id, lend_id) values (55, 55);
insert into t_user_lend (user_id, lend_id) values (56, 56);
insert into t_user_lend (user_id, lend_id) values (57, 57);
insert into t_user_lend (user_id, lend_id) values (58, 58);
insert into t_user_lend (user_id, lend_id) values (59, 59);
insert into t_user_lend (user_id, lend_id) values (60, 60);
insert into t_user_lend (user_id, lend_id) values (61, 61);
insert into t_user_lend (user_id, lend_id) values (62, 62);
insert into t_user_lend (user_id, lend_id) values (63, 63);
insert into t_user_lend (user_id, lend_id) values (64, 64);
insert into t_user_lend (user_id, lend_id) values (65, 65);
insert into t_user_lend (user_id, lend_id) values (66, 66);
insert into t_user_lend (user_id, lend_id) values (67, 67);
insert into t_user_lend (user_id, lend_id) values (68, 68);
insert into t_user_lend (user_id, lend_id) values (69, 69);
insert into t_user_lend (user_id, lend_id) values (70, 70);
insert into t_user_lend (user_id, lend_id) values (71, 71);
insert into t_user_lend (user_id, lend_id) values (72, 72);
insert into t_user_lend (user_id, lend_id) values (73, 73);
insert into t_user_lend (user_id, lend_id) values (74, 74);
insert into t_user_lend (user_id, lend_id) values (75, 75);
insert into t_user_lend (user_id, lend_id) values (76, 76);
insert into t_user_lend (user_id, lend_id) values (77, 77);
insert into t_user_lend (user_id, lend_id) values (78, 78);
insert into t_user_lend (user_id, lend_id) values (79, 79);
insert into t_user_lend (user_id, lend_id) values (80, 80);
insert into t_user_lend (user_id, lend_id) values (81, 81);
insert into t_user_lend (user_id, lend_id) values (82, 82);
insert into t_user_lend (user_id, lend_id) values (83, 83);
insert into t_user_lend (user_id, lend_id) values (84, 84);
insert into t_user_lend (user_id, lend_id) values (85, 85);
insert into t_user_lend (user_id, lend_id) values (86, 86);
insert into t_user_lend (user_id, lend_id) values (87, 87);
insert into t_user_lend (user_id, lend_id) values (88, 88);
insert into t_user_lend (user_id, lend_id) values (89, 89);
insert into t_user_lend (user_id, lend_id) values (90, 90);
insert into t_user_lend (user_id, lend_id) values (91, 91);
insert into t_user_lend (user_id, lend_id) values (92, 92);
insert into t_user_lend (user_id, lend_id) values (93, 93);
insert into t_user_lend (user_id, lend_id) values (94, 94);
insert into t_user_lend (user_id, lend_id) values (95, 95);
insert into t_user_lend (user_id, lend_id) values (96, 96);
insert into t_user_lend (user_id, lend_id) values (97, 97);
insert into t_user_lend (user_id, lend_id) values (98, 98);
insert into t_user_lend (user_id, lend_id) values (99, 99);
insert into t_user_lend (user_id, lend_id) values (100, 100);

---------------------------------
-- BUS_LEND --
---------------------------------
insert into t_bus_lend (bus_id, lend_id) values (1, 1);
insert into t_bus_lend (bus_id, lend_id) values (2, 2);
insert into t_bus_lend (bus_id, lend_id) values (3, 3);
insert into t_bus_lend (bus_id, lend_id) values (4, 4);
insert into t_bus_lend (bus_id, lend_id) values (5, 5);
insert into t_bus_lend (bus_id, lend_id) values (6, 6);
insert into t_bus_lend (bus_id, lend_id) values (7, 7);
insert into t_bus_lend (bus_id, lend_id) values (8, 8);
insert into t_bus_lend (bus_id, lend_id) values (9, 9);
insert into t_bus_lend (bus_id, lend_id) values (10, 10);
insert into t_bus_lend (bus_id, lend_id) values (1, 11);
insert into t_bus_lend (bus_id, lend_id) values (2, 12);
insert into t_bus_lend (bus_id, lend_id) values (3, 13);
insert into t_bus_lend (bus_id, lend_id) values (4, 14);
insert into t_bus_lend (bus_id, lend_id) values (5, 15);
insert into t_bus_lend (bus_id, lend_id) values (6, 16);
insert into t_bus_lend (bus_id, lend_id) values (7, 17);
insert into t_bus_lend (bus_id, lend_id) values (8, 18);
insert into t_bus_lend (bus_id, lend_id) values (9, 19);
insert into t_bus_lend (bus_id, lend_id) values (10, 20);
insert into t_bus_lend (bus_id, lend_id) values (1, 21);
insert into t_bus_lend (bus_id, lend_id) values (2, 22);
insert into t_bus_lend (bus_id, lend_id) values (3, 23);
insert into t_bus_lend (bus_id, lend_id) values (4, 24);
insert into t_bus_lend (bus_id, lend_id) values (5, 25);
insert into t_bus_lend (bus_id, lend_id) values (6, 26);
insert into t_bus_lend (bus_id, lend_id) values (7, 27);
insert into t_bus_lend (bus_id, lend_id) values (8, 28);
insert into t_bus_lend (bus_id, lend_id) values (9, 29);
insert into t_bus_lend (bus_id, lend_id) values (10, 30);
insert into t_bus_lend (bus_id, lend_id) values (1, 31);
insert into t_bus_lend (bus_id, lend_id) values (2, 32);
insert into t_bus_lend (bus_id, lend_id) values (3, 33);
insert into t_bus_lend (bus_id, lend_id) values (4, 34);
insert into t_bus_lend (bus_id, lend_id) values (5, 35);
insert into t_bus_lend (bus_id, lend_id) values (6, 36);
insert into t_bus_lend (bus_id, lend_id) values (7, 37);
insert into t_bus_lend (bus_id, lend_id) values (8, 38);
insert into t_bus_lend (bus_id, lend_id) values (9, 39);
insert into t_bus_lend (bus_id, lend_id) values (10, 40);
insert into t_bus_lend (bus_id, lend_id) values (1, 41);
insert into t_bus_lend (bus_id, lend_id) values (2, 42);
insert into t_bus_lend (bus_id, lend_id) values (3, 43);
insert into t_bus_lend (bus_id, lend_id) values (4, 44);
insert into t_bus_lend (bus_id, lend_id) values (5, 45);
insert into t_bus_lend (bus_id, lend_id) values (6, 46);
insert into t_bus_lend (bus_id, lend_id) values (7, 47);
insert into t_bus_lend (bus_id, lend_id) values (8, 48);
insert into t_bus_lend (bus_id, lend_id) values (9, 49);
insert into t_bus_lend (bus_id, lend_id) values (10, 50);
insert into t_bus_lend (bus_id, lend_id) values (1, 51);
insert into t_bus_lend (bus_id, lend_id) values (2, 52);
insert into t_bus_lend (bus_id, lend_id) values (3, 53);
insert into t_bus_lend (bus_id, lend_id) values (4, 54);
insert into t_bus_lend (bus_id, lend_id) values (5, 55);
insert into t_bus_lend (bus_id, lend_id) values (6, 56);
insert into t_bus_lend (bus_id, lend_id) values (7, 57);
insert into t_bus_lend (bus_id, lend_id) values (8, 58);
insert into t_bus_lend (bus_id, lend_id) values (9, 59);
insert into t_bus_lend (bus_id, lend_id) values (10, 60);
insert into t_bus_lend (bus_id, lend_id) values (1, 61);
insert into t_bus_lend (bus_id, lend_id) values (2, 62);
insert into t_bus_lend (bus_id, lend_id) values (3, 63);
insert into t_bus_lend (bus_id, lend_id) values (4, 64);
insert into t_bus_lend (bus_id, lend_id) values (5, 65);
insert into t_bus_lend (bus_id, lend_id) values (6, 66);
insert into t_bus_lend (bus_id, lend_id) values (7, 67);
insert into t_bus_lend (bus_id, lend_id) values (8, 68);
insert into t_bus_lend (bus_id, lend_id) values (9, 69);
insert into t_bus_lend (bus_id, lend_id) values (10, 70);
insert into t_bus_lend (bus_id, lend_id) values (1, 71);
insert into t_bus_lend (bus_id, lend_id) values (2, 72);
insert into t_bus_lend (bus_id, lend_id) values (3, 73);
insert into t_bus_lend (bus_id, lend_id) values (4, 74);
insert into t_bus_lend (bus_id, lend_id) values (5, 75);
insert into t_bus_lend (bus_id, lend_id) values (6, 76);
insert into t_bus_lend (bus_id, lend_id) values (7, 77);
insert into t_bus_lend (bus_id, lend_id) values (8, 78);
insert into t_bus_lend (bus_id, lend_id) values (9, 79);
insert into t_bus_lend (bus_id, lend_id) values (10, 80);
insert into t_bus_lend (bus_id, lend_id) values (1, 81);
insert into t_bus_lend (bus_id, lend_id) values (2, 82);
insert into t_bus_lend (bus_id, lend_id) values (3, 83);
insert into t_bus_lend (bus_id, lend_id) values (4, 84);
insert into t_bus_lend (bus_id, lend_id) values (5, 85);
insert into t_bus_lend (bus_id, lend_id) values (6, 86);
insert into t_bus_lend (bus_id, lend_id) values (7, 87);
insert into t_bus_lend (bus_id, lend_id) values (8, 88);
insert into t_bus_lend (bus_id, lend_id) values (9, 89);
insert into t_bus_lend (bus_id, lend_id) values (10, 90);
insert into t_bus_lend (bus_id, lend_id) values (1, 91);
insert into t_bus_lend (bus_id, lend_id) values (2, 92);
insert into t_bus_lend (bus_id, lend_id) values (3, 93);
insert into t_bus_lend (bus_id, lend_id) values (4, 94);
insert into t_bus_lend (bus_id, lend_id) values (5, 95);
insert into t_bus_lend (bus_id, lend_id) values (6, 96);
insert into t_bus_lend (bus_id, lend_id) values (7, 97);
insert into t_bus_lend (bus_id, lend_id) values (8, 98);
insert into t_bus_lend (bus_id, lend_id) values (9, 99);
insert into t_bus_lend (bus_id, lend_id) values (10, 100);